{
  "pattern_distribution": [
    39,
    38,
    38,
    3,
    0,
    2,
    0,
    0,
    5,
    "0.05",
    "1.90"
  ],
  "high_risk_brfs": [
    [
      "brf_54015",
      "HSB bostadsr\u00e4ttsf\u00f6rening Lill-Jan i Stockholm",
      "MEDIUM",
      1,
      2
    ],
    [
      "brf_280938",
      "Brf Unit\u00e9",
      "LOW",
      1,
      1
    ]
  ],
  "overall_statistics": [
    39,
    "53.3974358974358974",
    0,
    0,
    33,
    6
  ],
  "timestamp": "2025-10-17T22:32:29.960730"
}